"MonitoringLocationIdentifier","Reason","ReasonType","FLAG"
"UTAHDWQ_WQX-4900001","Attributes indicate dup, rep, blank, dummy, or QAQC site","Attribute based","REJECT"
"UTAHDWQ_WQX-4900430","Attributes indicate dup, rep, blank, dummy, or QAQC site","Attribute based","REJECT"
"UTAHDWQ_WQX-4900445","Attributes indicate dup, rep, blank, dummy, or QAQC site","Attribute based","REJECT"
"UTAHDWQ_WQX-4900750","Attributes indicate dup, rep, blank, dummy, or QAQC site","Attribute based","REJECT"
"UTAHDWQ_WQX-4901050","Attributes indicate dup, rep, blank, dummy, or QAQC site","Attribute based","REJECT"
"UTAHDWQ_WQX-4904800","Attributes indicate dup, rep, blank, dummy, or QAQC site","Attribute based","REJECT"
"UTAHDWQ_WQX-4905348","Attributes indicate dup, rep, blank, dummy, or QAQC site","Attribute based","REJECT"
"UTAHDWQ_WQX-4905458","Attributes indicate dup, rep, blank, dummy, or QAQC site","Attribute based","REJECT"
"UTAHDWQ_WQX-4905730","Attributes indicate dup, rep, blank, dummy, or QAQC site","Attribute based","REJECT"
"UTAHDWQ_WQX-4905910","Attributes indicate dup, rep, blank, dummy, or QAQC site","Attribute based","REJECT"
"UTAHDWQ_WQX-4908149","Attributes indicate dup, rep, blank, dummy, or QAQC site","Attribute based","REJECT"
"UTAHDWQ_WQX-4908153","Attributes indicate dup, rep, blank, dummy, or QAQC site","Attribute based","REJECT"
"UTAHDWQ_WQX-4908154","Attributes indicate dup, rep, blank, dummy, or QAQC site","Attribute based","REJECT"
"UTAHDWQ_WQX-4908191","Attributes indicate dup, rep, blank, dummy, or QAQC site","Attribute based","REJECT"
"UTAHDWQ_WQX-4917320","Attributes indicate dup, rep, blank, dummy, or QAQC site","Attribute based","REJECT"
"UTAHDWQ_WQX-4920750","Attributes indicate dup, rep, blank, dummy, or QAQC site","Attribute based","REJECT"
"UTAHDWQ_WQX-4920990","Attributes indicate dup, rep, blank, dummy, or QAQC site","Attribute based","REJECT"
"UTAHDWQ_WQX-4921100","Attributes indicate dup, rep, blank, dummy, or QAQC site","Attribute based","REJECT"
"UTAHDWQ_WQX-4923500","Attributes indicate dup, rep, blank, dummy, or QAQC site","Attribute based","REJECT"
"UTAHDWQ_WQX-4923837","Attributes indicate dup, rep, blank, dummy, or QAQC site","Attribute based","REJECT"
"UTAHDWQ_WQX-4925140","Attributes indicate dup, rep, blank, dummy, or QAQC site","Attribute based","REJECT"
"UTAHDWQ_WQX-4926220","Attributes indicate dup, rep, blank, dummy, or QAQC site","Attribute based","REJECT"
"UTAHDWQ_WQX-4930001","Attributes indicate dup, rep, blank, dummy, or QAQC site","Attribute based","REJECT"
"UTAHDWQ_WQX-4930003","Attributes indicate dup, rep, blank, dummy, or QAQC site","Attribute based","REJECT"
"UTAHDWQ_WQX-4930005","Attributes indicate dup, rep, blank, dummy, or QAQC site","Attribute based","REJECT"
"UTAHDWQ_WQX-4930053","Attributes indicate dup, rep, blank, dummy, or QAQC site","Attribute based","REJECT"
"UTAHDWQ_WQX-4930521","Attributes indicate dup, rep, blank, dummy, or QAQC site","Attribute based","REJECT"
"UTAHDWQ_WQX-4930526","Attributes indicate dup, rep, blank, dummy, or QAQC site","Attribute based","REJECT"
"UTAHDWQ_WQX-4930527","Attributes indicate dup, rep, blank, dummy, or QAQC site","Attribute based","REJECT"
"UTAHDWQ_WQX-4931051","Attributes indicate dup, rep, blank, dummy, or QAQC site","Attribute based","REJECT"
"UTAHDWQ_WQX-4931600","Attributes indicate dup, rep, blank, dummy, or QAQC site","Attribute based","REJECT"
"UTAHDWQ_WQX-4933590","Attributes indicate dup, rep, blank, dummy, or QAQC site","Attribute based","REJECT"
"UTAHDWQ_WQX-4934444","Attributes indicate dup, rep, blank, dummy, or QAQC site","Attribute based","REJECT"
"UTAHDWQ_WQX-4935921","Attributes indicate dup, rep, blank, dummy, or QAQC site","Attribute based","REJECT"
"UTAHDWQ_WQX-4936141","Attributes indicate dup, rep, blank, dummy, or QAQC site","Attribute based","REJECT"
"UTAHDWQ_WQX-4936142","Attributes indicate dup, rep, blank, dummy, or QAQC site","Attribute based","REJECT"
"UTAHDWQ_WQX-4936148","Attributes indicate dup, rep, blank, dummy, or QAQC site","Attribute based","REJECT"
"UTAHDWQ_WQX-4936149","Attributes indicate dup, rep, blank, dummy, or QAQC site","Attribute based","REJECT"
"UTAHDWQ_WQX-4936151","Attributes indicate dup, rep, blank, dummy, or QAQC site","Attribute based","REJECT"
"UTAHDWQ_WQX-4936310","Attributes indicate dup, rep, blank, dummy, or QAQC site","Attribute based","REJECT"
"UTAHDWQ_WQX-4936352","Attributes indicate dup, rep, blank, dummy, or QAQC site","Attribute based","REJECT"
"UTAHDWQ_WQX-4936354","Attributes indicate dup, rep, blank, dummy, or QAQC site","Attribute based","REJECT"
"UTAHDWQ_WQX-4936880","Attributes indicate dup, rep, blank, dummy, or QAQC site","Attribute based","REJECT"
"UTAHDWQ_WQX-4936881","Attributes indicate dup, rep, blank, dummy, or QAQC site","Attribute based","REJECT"
"UTAHDWQ_WQX-4937170","Attributes indicate dup, rep, blank, dummy, or QAQC site","Attribute based","REJECT"
"UTAHDWQ_WQX-4937180","Attributes indicate dup, rep, blank, dummy, or QAQC site","Attribute based","REJECT"
"UTAHDWQ_WQX-4937190","Attributes indicate dup, rep, blank, dummy, or QAQC site","Attribute based","REJECT"
"UTAHDWQ_WQX-4937761","Attributes indicate dup, rep, blank, dummy, or QAQC site","Attribute based","REJECT"
"UTAHDWQ_WQX-4938555","Attributes indicate dup, rep, blank, dummy, or QAQC site","Attribute based","REJECT"
"UTAHDWQ_WQX-4938831","Attributes indicate dup, rep, blank, dummy, or QAQC site","Attribute based","REJECT"
"UTAHDWQ_WQX-4939000","Attributes indicate dup, rep, blank, dummy, or QAQC site","Attribute based","REJECT"
"UTAHDWQ_WQX-4939001","Attributes indicate dup, rep, blank, dummy, or QAQC site","Attribute based","REJECT"
"UTAHDWQ_WQX-4939002","Attributes indicate dup, rep, blank, dummy, or QAQC site","Attribute based","REJECT"
"UTAHDWQ_WQX-4939003","Attributes indicate dup, rep, blank, dummy, or QAQC site","Attribute based","REJECT"
"UTAHDWQ_WQX-4939100","Attributes indicate dup, rep, blank, dummy, or QAQC site","Attribute based","REJECT"
"UTAHDWQ_WQX-4940001","Attributes indicate dup, rep, blank, dummy, or QAQC site","Attribute based","REJECT"
"UTAHDWQ_WQX-4940130","Attributes indicate dup, rep, blank, dummy, or QAQC site","Attribute based","REJECT"
"UTAHDWQ_WQX-4940132","Attributes indicate dup, rep, blank, dummy, or QAQC site","Attribute based","REJECT"
"UTAHDWQ_WQX-4940135","Attributes indicate dup, rep, blank, dummy, or QAQC site","Attribute based","REJECT"
"UTAHDWQ_WQX-4940150","Attributes indicate dup, rep, blank, dummy, or QAQC site","Attribute based","REJECT"
"UTAHDWQ_WQX-4940151","Attributes indicate dup, rep, blank, dummy, or QAQC site","Attribute based","REJECT"
"UTAHDWQ_WQX-4942480","Attributes indicate dup, rep, blank, dummy, or QAQC site","Attribute based","REJECT"
"UTAHDWQ_WQX-4946361","Attributes indicate dup, rep, blank, dummy, or QAQC site","Attribute based","REJECT"
"UTAHDWQ_WQX-4946571","Attributes indicate dup, rep, blank, dummy, or QAQC site","Attribute based","REJECT"
"UTAHDWQ_WQX-4948821","Attributes indicate dup, rep, blank, dummy, or QAQC site","Attribute based","REJECT"
"UTAHDWQ_WQX-4949330","Attributes indicate dup, rep, blank, dummy, or QAQC site","Attribute based","REJECT"
"UTAHDWQ_WQX-4949671","Attributes indicate dup, rep, blank, dummy, or QAQC site","Attribute based","REJECT"
"UTAHDWQ_WQX-4949950","Attributes indicate dup, rep, blank, dummy, or QAQC site","Attribute based","REJECT"
"UTAHDWQ_WQX-4950001","Attributes indicate dup, rep, blank, dummy, or QAQC site","Attribute based","REJECT"
"UTAHDWQ_WQX-4950003","Attributes indicate dup, rep, blank, dummy, or QAQC site","Attribute based","REJECT"
"UTAHDWQ_WQX-4950051","Attributes indicate dup, rep, blank, dummy, or QAQC site","Attribute based","REJECT"
"UTAHDWQ_WQX-4950053","Attributes indicate dup, rep, blank, dummy, or QAQC site","Attribute based","REJECT"
"UTAHDWQ_WQX-4950300","Attributes indicate dup, rep, blank, dummy, or QAQC site","Attribute based","REJECT"
"UTAHDWQ_WQX-4950321","Attributes indicate dup, rep, blank, dummy, or QAQC site","Attribute based","REJECT"
"UTAHDWQ_WQX-4950511","Attributes indicate dup, rep, blank, dummy, or QAQC site","Attribute based","REJECT"
"UTAHDWQ_WQX-4951266","Attributes indicate dup, rep, blank, dummy, or QAQC site","Attribute based","REJECT"
"UTAHDWQ_WQX-4953191","Attributes indicate dup, rep, blank, dummy, or QAQC site","Attribute based","REJECT"
"UTAHDWQ_WQX-4954591","Attributes indicate dup, rep, blank, dummy, or QAQC site","Attribute based","REJECT"
"UTAHDWQ_WQX-4954800","Attributes indicate dup, rep, blank, dummy, or QAQC site","Attribute based","REJECT"
"UTAHDWQ_WQX-4955302","Attributes indicate dup, rep, blank, dummy, or QAQC site","Attribute based","REJECT"
"UTAHDWQ_WQX-4955812","Attributes indicate dup, rep, blank, dummy, or QAQC site","Attribute based","REJECT"
"UTAHDWQ_WQX-4956398","Attributes indicate dup, rep, blank, dummy, or QAQC site","Attribute based","REJECT"
"UTAHDWQ_WQX-4958520","Attributes indicate dup, rep, blank, dummy, or QAQC site","Attribute based","REJECT"
"UTAHDWQ_WQX-4958701","Attributes indicate dup, rep, blank, dummy, or QAQC site","Attribute based","REJECT"
"UTAHDWQ_WQX-4959600","Attributes indicate dup, rep, blank, dummy, or QAQC site","Attribute based","REJECT"
"UTAHDWQ_WQX-4984810","Attributes indicate dup, rep, blank, dummy, or QAQC site","Attribute based","REJECT"
"UTAHDWQ_WQX-4985210","Attributes indicate dup, rep, blank, dummy, or QAQC site","Attribute based","REJECT"
"UTAHDWQ_WQX-4990000","Attributes indicate dup, rep, blank, dummy, or QAQC site","Attribute based","REJECT"
"UTAHDWQ_WQX-4990001","Attributes indicate dup, rep, blank, dummy, or QAQC site","Attribute based","REJECT"
"UTAHDWQ_WQX-4990002","Attributes indicate dup, rep, blank, dummy, or QAQC site","Attribute based","REJECT"
"UTAHDWQ_WQX-4990010","Attributes indicate dup, rep, blank, dummy, or QAQC site","Attribute based","REJECT"
"UTAHDWQ_WQX-4990020","Attributes indicate dup, rep, blank, dummy, or QAQC site","Attribute based","REJECT"
"UTAHDWQ_WQX-4990750","Attributes indicate dup, rep, blank, dummy, or QAQC site","Attribute based","REJECT"
"UTAHDWQ_WQX-4990755","Attributes indicate dup, rep, blank, dummy, or QAQC site","Attribute based","REJECT"
"UTAHDWQ_WQX-4990760","Attributes indicate dup, rep, blank, dummy, or QAQC site","Attribute based","REJECT"
"UTAHDWQ_WQX-4990765","Attributes indicate dup, rep, blank, dummy, or QAQC site","Attribute based","REJECT"
"UTAHDWQ_WQX-4990766","Attributes indicate dup, rep, blank, dummy, or QAQC site","Attribute based","REJECT"
"UTAHDWQ_WQX-4990767","Attributes indicate dup, rep, blank, dummy, or QAQC site","Attribute based","REJECT"
"UTAHDWQ_WQX-4991130","Attributes indicate dup, rep, blank, dummy, or QAQC site","Attribute based","REJECT"
"UTAHDWQ_WQX-4991265","Attributes indicate dup, rep, blank, dummy, or QAQC site","Attribute based","REJECT"
"UTAHDWQ_WQX-4991830","Attributes indicate dup, rep, blank, dummy, or QAQC site","Attribute based","REJECT"
"UTAHDWQ_WQX-4994000","Attributes indicate dup, rep, blank, dummy, or QAQC site","Attribute based","REJECT"
"UTAHDWQ_WQX-4994725","Attributes indicate dup, rep, blank, dummy, or QAQC site","Attribute based","REJECT"
"UTAHDWQ_WQX-4994895","Attributes indicate dup, rep, blank, dummy, or QAQC site","Attribute based","REJECT"
"UTAHDWQ_WQX-4995670","Attributes indicate dup, rep, blank, dummy, or QAQC site","Attribute based","REJECT"
"UTAHDWQ_WQX-4995931","Attributes indicate dup, rep, blank, dummy, or QAQC site","Attribute based","REJECT"
"UTAHDWQ_WQX-4996890","Attributes indicate dup, rep, blank, dummy, or QAQC site","Attribute based","REJECT"
"UTAHDWQ_WQX-4996897","Attributes indicate dup, rep, blank, dummy, or QAQC site","Attribute based","REJECT"
"UTAHDWQ_WQX-4996903","Attributes indicate dup, rep, blank, dummy, or QAQC site","Attribute based","REJECT"
"UTAHDWQ_WQX-5901741","Attributes indicate dup, rep, blank, dummy, or QAQC site","Attribute based","REJECT"
"UTAHDWQ_WQX-5913490","Attributes indicate dup, rep, blank, dummy, or QAQC site","Attribute based","REJECT"
"UTAHDWQ_WQX-5916461","Attributes indicate dup, rep, blank, dummy, or QAQC site","Attribute based","REJECT"
"UTAHDWQ_WQX-5918061","Attributes indicate dup, rep, blank, dummy, or QAQC site","Attribute based","REJECT"
"UTAHDWQ_WQX-5918071","Attributes indicate dup, rep, blank, dummy, or QAQC site","Attribute based","REJECT"
"UTAHDWQ_WQX-5931190","Attributes indicate dup, rep, blank, dummy, or QAQC site","Attribute based","REJECT"
"UTAHDWQ_WQX-5936111","Attributes indicate dup, rep, blank, dummy, or QAQC site","Attribute based","REJECT"
"UTAHDWQ_WQX-5937651","Attributes indicate dup, rep, blank, dummy, or QAQC site","Attribute based","REJECT"
"UTAHDWQ_WQX-5937777","Attributes indicate dup, rep, blank, dummy, or QAQC site","Attribute based","REJECT"
"UTAHDWQ_WQX-5938061","Attributes indicate dup, rep, blank, dummy, or QAQC site","Attribute based","REJECT"
"UTAHDWQ_WQX-5939371","Attributes indicate dup, rep, blank, dummy, or QAQC site","Attribute based","REJECT"
"UTAHDWQ_WQX-5941451","Attributes indicate dup, rep, blank, dummy, or QAQC site","Attribute based","REJECT"
"UTAHDWQ_WQX-5952420","Attributes indicate dup, rep, blank, dummy, or QAQC site","Attribute based","REJECT"
"UTAHDWQ_WQX-5955881","Attributes indicate dup, rep, blank, dummy, or QAQC site","Attribute based","REJECT"
"UTAHDWQ_WQX-5958011","Attributes indicate dup, rep, blank, dummy, or QAQC site","Attribute based","REJECT"
"UTAHDWQ_WQX-5989999","Attributes indicate dup, rep, blank, dummy, or QAQC site","Attribute based","REJECT"
"UTAHDWQ_WQX-5995150","Attributes indicate dup, rep, blank, dummy, or QAQC site","Attribute based","REJECT"
"UTAHDWQ_WQX-5995202","Attributes indicate dup, rep, blank, dummy, or QAQC site","Attribute based","REJECT"
"NALMS-5825","Horizontal datum unknown","Attribute based","REJECT"
"NALMS-5826","Horizontal datum unknown","Attribute based","REJECT"
"NALMS-5828","Horizontal datum unknown","Attribute based","REJECT"
"NALMS-5833","Horizontal datum unknown","Attribute based","REJECT"
"NALMS-5836","Horizontal datum unknown","Attribute based","REJECT"
"NALMS-5837","Horizontal datum unknown","Attribute based","REJECT"
"NALMS-5840","Horizontal datum unknown","Attribute based","REJECT"
"NALMS-5841","Horizontal datum unknown","Attribute based","REJECT"
"NALMS-5843","Horizontal datum unknown","Attribute based","REJECT"
"NALMS-7217","Horizontal datum unknown","Attribute based","REJECT"
"NALMS-7218","Horizontal datum unknown","Attribute based","REJECT"
"NALMS-7389","Horizontal datum unknown","Attribute based","REJECT"
"NALMS-7390","Horizontal datum unknown","Attribute based","REJECT"
"NALMS-7409","Horizontal datum unknown","Attribute based","REJECT"
"NALMS-7410","Horizontal datum unknown","Attribute based","REJECT"
"NALMS-7458","Horizontal datum unknown","Attribute based","REJECT"
"NTHRNUTE-DDC","Horizontal datum unknown","Attribute based","REJECT"
"NTHRNUTE-DLF","Horizontal datum unknown","Attribute based","REJECT"
"NTHRNUTE-RKD","Horizontal datum unknown","Attribute based","REJECT"
"NTHRNUTE-UBH","Horizontal datum unknown","Attribute based","REJECT"
"USGS-373006109312301","Aquifer name populated: associated with unassessed wells","Attribute based","REJECT"
"USGS-373122109321501","Aquifer name populated: associated with unassessed wells","Attribute based","REJECT"
"USGS-373128112400801","Aquifer name populated: associated with unassessed wells","Attribute based","REJECT"
"USGS-373158109312601","Aquifer name populated: associated with unassessed wells","Attribute based","REJECT"
"USGS-373202109293401","Aquifer name populated: associated with unassessed wells","Attribute based","REJECT"
"USGS-373357112345201","Aquifer name populated: associated with unassessed wells","Attribute based","REJECT"
"USGS-391426113524401","Aquifer name populated: associated with unassessed wells","Attribute based","REJECT"
"USGS-402117110450601","Aquifer name populated: associated with unassessed wells","Attribute based","REJECT"
"USGS-402658110494501","Aquifer name populated: associated with unassessed wells","Attribute based","REJECT"
"USGS-402852110493301","Aquifer name populated: associated with unassessed wells","Attribute based","REJECT"
"USGS-373006109312301","Formation type populated: associated with unassessed wells","Attribute based","REJECT"
"USGS-373122109321501","Formation type populated: associated with unassessed wells","Attribute based","REJECT"
"USGS-373128112400801","Formation type populated: associated with unassessed wells","Attribute based","REJECT"
"USGS-373158109312601","Formation type populated: associated with unassessed wells","Attribute based","REJECT"
"USGS-373202109293401","Formation type populated: associated with unassessed wells","Attribute based","REJECT"
"USGS-373357112345201","Formation type populated: associated with unassessed wells","Attribute based","REJECT"
"USGS-383534109334001","Formation type populated: associated with unassessed wells","Attribute based","REJECT"
"USGS-391426113524401","Formation type populated: associated with unassessed wells","Attribute based","REJECT"
"USGS-393113110302001","Formation type populated: associated with unassessed wells","Attribute based","REJECT"
"USGS-403448109372101","Formation type populated: associated with unassessed wells","Attribute based","REJECT"
"USGS-403528109033801","Formation type populated: associated with unassessed wells","Attribute based","REJECT"
"USGS-403607109285501","Formation type populated: associated with unassessed wells","Attribute based","REJECT"
"USGS-403636112152401","Formation type populated: associated with unassessed wells","Attribute based","REJECT"
"USGS-403748109310101","Formation type populated: associated with unassessed wells","Attribute based","REJECT"
"USGS-373006109312301","Aquifer type name populated: associated with unassessed wells","Attribute based","REJECT"
"USGS-373122109321501","Aquifer type name populated: associated with unassessed wells","Attribute based","REJECT"
"USGS-373128112400801","Aquifer type name populated: associated with unassessed wells","Attribute based","REJECT"
"USGS-373158109312601","Aquifer type name populated: associated with unassessed wells","Attribute based","REJECT"
"USGS-373202109293401","Aquifer type name populated: associated with unassessed wells","Attribute based","REJECT"
"USGS-373357112345201","Aquifer type name populated: associated with unassessed wells","Attribute based","REJECT"
"USGS-373807112401501","Aquifer type name populated: associated with unassessed wells","Attribute based","REJECT"
"USGS-402117110450601","Aquifer type name populated: associated with unassessed wells","Attribute based","REJECT"
"USGS-402658110494501","Aquifer type name populated: associated with unassessed wells","Attribute based","REJECT"
"USGS-402852110493301","Aquifer type name populated: associated with unassessed wells","Attribute based","REJECT"
"USGS-403450109372601","Aquifer type name populated: associated with unassessed wells","Attribute based","REJECT"
"USGS-403450109372602","Aquifer type name populated: associated with unassessed wells","Attribute based","REJECT"
"USGS-403451109372701","Aquifer type name populated: associated with unassessed wells","Attribute based","REJECT"
"USGS-403913109260301","Aquifer type name populated: associated with unassessed wells","Attribute based","REJECT"
"USGS-370533113315101","Non-assessed site type","Attribute based","REJECT"
"USGS-370545113312501","Non-assessed site type","Attribute based","REJECT"
"USGS-370547113312201","Non-assessed site type","Attribute based","REJECT"
"USGS-413828112113801","Non-assessed site type","Attribute based","REJECT"
"USGS-414053112132501","Non-assessed site type","Attribute based","REJECT"
"USGS-414055112104901","Non-assessed site type","Attribute based","REJECT"
"USGS-414055112115701","Non-assessed site type","Attribute based","REJECT"
"UTAHDWQ_WQX-5932540","Non-assessed site type","Attribute based","REJECT"
"UTEMTN-Ruin Spring Creek","Non-assessed site type","Attribute based","REJECT"
"11NPSWRD_WQX-GLCA_3P_ESC02","Undefined AU","Spatial","REJECT"
"11NPSWRD_WQX-HOVE_3P_5995710","Undefined AU","Spatial","REJECT"
"952307_WQX-Gate Canyon Spring 1","Undefined AU","Spatial","REJECT"
"952307_WQX-Rye Spring 1","Undefined AU","Spatial","REJECT"
"952307_WQX-Rye Spring 2","Undefined AU","Spatial","REJECT"
"952307_WQX-Rye Spring 3","Undefined AU","Spatial","REJECT"
"NNEPA-02DESERTCR05","Undefined AU","Spatial","REJECT"
"USGS-412757112163901","Undefined AU","Spatial","REJECT"
"USGS-09413200","Undefined AU","Spatial","REJECT"
"USGS-10126180","Undefined AU","Spatial","REJECT"
"USGS-10166430","Undefined AU","Spatial","REJECT"
"USGS-10172630","Undefined AU","Spatial","REJECT"
"USGS-10172780","Undefined AU","Spatial","REJECT"
"USGS-10172860","Undefined AU","Spatial","REJECT"
"USGS-10172952","Undefined AU","Spatial","REJECT"
"USGS-381045113470701","Undefined AU","Spatial","REJECT"
"USGS-381741109465901","Undefined AU","Spatial","REJECT"
"USGS-382016113364001","Undefined AU","Spatial","REJECT"
"USGS-382344113305901","Undefined AU","Spatial","REJECT"
"USGS-383534109334001","Undefined AU","Spatial","REJECT"
"USGS-391426113524401","Undefined AU","Spatial","REJECT"
"USGS-394424113090701","Undefined AU","Spatial","REJECT"
"USGS-403636112152401","Undefined AU","Spatial","REJECT"
"USGS-403835112171801","Undefined AU","Spatial","REJECT"
"USGS-405018112013101","Undefined AU","Spatial","REJECT"
"USGS-405020112011001","Undefined AU","Spatial","REJECT"
"USGS-405033112012501","Undefined AU","Spatial","REJECT"
"USGS-405545111565301","Undefined AU","Spatial","REJECT"
"USGS-410724112093901","Undefined AU","Spatial","REJECT"
"USGS-410732112092601","Undefined AU","Spatial","REJECT"
"USGS-410803112092701","Undefined AU","Spatial","REJECT"
"USGS-412150112081101","Undefined AU","Spatial","REJECT"
"USGS-412457112123001","Undefined AU","Spatial","REJECT"
"USGS-412458112130601","Undefined AU","Spatial","REJECT"
"USGS-412459112140401","Undefined AU","Spatial","REJECT"
"USGS-412514112101101","Undefined AU","Spatial","REJECT"
"USGS-412522112053901","Undefined AU","Spatial","REJECT"
"USGS-412523112073901","Undefined AU","Spatial","REJECT"
"USGS-412523112093301","Undefined AU","Spatial","REJECT"
"USGS-412525112155101","Undefined AU","Spatial","REJECT"
"USGS-412642112025801","Undefined AU","Spatial","REJECT"
"USGS-413556112114901","Undefined AU","Spatial","REJECT"
"USGS-413651112222101","Undefined AU","Spatial","REJECT"
"USGS-413657112224301","Undefined AU","Spatial","REJECT"
"USGS-413723112114801","Undefined AU","Spatial","REJECT"
"USGS-413741112161901","Undefined AU","Spatial","REJECT"
"USGS-413800112164901","Undefined AU","Spatial","REJECT"
"USGS-413812112172901","Undefined AU","Spatial","REJECT"
"USGS-413813112170001","Undefined AU","Spatial","REJECT"
"USGS-413816112165701","Undefined AU","Spatial","REJECT"
"USGS-413827112174201","Undefined AU","Spatial","REJECT"
"USGS-413828112113801","Undefined AU","Spatial","REJECT"
"USGS-413856112104501","Undefined AU","Spatial","REJECT"
"USGS-414055112104901","Undefined AU","Spatial","REJECT"
"USGS-414055112115701","Undefined AU","Spatial","REJECT"
"UTAHDWQ_WQX-4900001","Undefined AU","Spatial","REJECT"
"UTAHDWQ_WQX-4900750","Undefined AU","Spatial","REJECT"
"UTAHDWQ_WQX-4901410","Undefined AU","Spatial","REJECT"
"UTAHDWQ_WQX-4905910","Undefined AU","Spatial","REJECT"
"UTAHDWQ_WQX-4907087","Undefined AU","Spatial","REJECT"
"UTAHDWQ_WQX-4908153","Undefined AU","Spatial","REJECT"
"UTAHDWQ_WQX-4908154","Undefined AU","Spatial","REJECT"
"UTAHDWQ_WQX-4908280","Undefined AU","Spatial","REJECT"
"UTAHDWQ_WQX-4920000","Undefined AU","Spatial","REJECT"
"UTAHDWQ_WQX-4920031","Undefined AU","Spatial","REJECT"
"UTAHDWQ_WQX-4920032","Undefined AU","Spatial","REJECT"
"UTAHDWQ_WQX-4920290","Undefined AU","Spatial","REJECT"
"UTAHDWQ_WQX-4920750","Undefined AU","Spatial","REJECT"
"UTAHDWQ_WQX-4920966","Undefined AU","Spatial","REJECT"
"UTAHDWQ_WQX-4921100","Undefined AU","Spatial","REJECT"
"UTAHDWQ_WQX-4923500","Undefined AU","Spatial","REJECT"
"UTAHDWQ_WQX-4926127","Undefined AU","Spatial","REJECT"
"UTAHDWQ_WQX-4930001","Undefined AU","Spatial","REJECT"
"UTAHDWQ_WQX-4930003","Undefined AU","Spatial","REJECT"
"UTAHDWQ_WQX-4930005","Undefined AU","Spatial","REJECT"
"UTAHDWQ_WQX-4930053","Undefined AU","Spatial","REJECT"
"UTAHDWQ_WQX-4930250","Undefined AU","Spatial","REJECT"
"UTAHDWQ_WQX-4930526","Undefined AU","Spatial","REJECT"
"UTAHDWQ_WQX-4934444","Undefined AU","Spatial","REJECT"
"UTAHDWQ_WQX-4936352","Undefined AU","Spatial","REJECT"
"UTAHDWQ_WQX-4936354","Undefined AU","Spatial","REJECT"
"UTAHDWQ_WQX-4937170","Undefined AU","Spatial","REJECT"
"UTAHDWQ_WQX-4938555","Undefined AU","Spatial","REJECT"
"UTAHDWQ_WQX-4939000","Undefined AU","Spatial","REJECT"
"UTAHDWQ_WQX-4939001","Undefined AU","Spatial","REJECT"
"UTAHDWQ_WQX-4939002","Undefined AU","Spatial","REJECT"
"UTAHDWQ_WQX-4939003","Undefined AU","Spatial","REJECT"
"UTAHDWQ_WQX-4939100","Undefined AU","Spatial","REJECT"
"UTAHDWQ_WQX-4940001","Undefined AU","Spatial","REJECT"
"UTAHDWQ_WQX-4940130","Undefined AU","Spatial","REJECT"
"UTAHDWQ_WQX-4940132","Undefined AU","Spatial","REJECT"
"UTAHDWQ_WQX-4940135","Undefined AU","Spatial","REJECT"
"UTAHDWQ_WQX-4940150","Undefined AU","Spatial","REJECT"
"UTAHDWQ_WQX-4940151","Undefined AU","Spatial","REJECT"
"UTAHDWQ_WQX-4950001","Undefined AU","Spatial","REJECT"
"UTAHDWQ_WQX-4950003","Undefined AU","Spatial","REJECT"
"UTAHDWQ_WQX-4950051","Undefined AU","Spatial","REJECT"
"UTAHDWQ_WQX-4950053","Undefined AU","Spatial","REJECT"
"UTAHDWQ_WQX-4950500","Undefined AU","Spatial","REJECT"
"UTAHDWQ_WQX-4958701","Undefined AU","Spatial","REJECT"
"UTAHDWQ_WQX-4959230","Undefined AU","Spatial","REJECT"
"UTAHDWQ_WQX-4959600","Undefined AU","Spatial","REJECT"
"UTAHDWQ_WQX-4990000","Undefined AU","Spatial","REJECT"
"UTAHDWQ_WQX-4990001","Undefined AU","Spatial","REJECT"
"UTAHDWQ_WQX-4990002","Undefined AU","Spatial","REJECT"
"UTAHDWQ_WQX-4990010","Undefined AU","Spatial","REJECT"
"UTAHDWQ_WQX-4990087","Undefined AU","Spatial","REJECT"
"UTAHDWQ_WQX-4990090","Undefined AU","Spatial","REJECT"
"UTAHDWQ_WQX-4990093","Undefined AU","Spatial","REJECT"
"UTAHDWQ_WQX-4990095","Undefined AU","Spatial","REJECT"
"UTAHDWQ_WQX-4990145","Undefined AU","Spatial","REJECT"
"UTAHDWQ_WQX-4990240","Undefined AU","Spatial","REJECT"
"UTAHDWQ_WQX-4990360","Undefined AU","Spatial","REJECT"
"UTAHDWQ_WQX-4990390","Undefined AU","Spatial","REJECT"
"UTAHDWQ_WQX-4990640","Undefined AU","Spatial","REJECT"
"UTAHDWQ_WQX-4990750","Undefined AU","Spatial","REJECT"
"UTAHDWQ_WQX-4990755","Undefined AU","Spatial","REJECT"
"UTAHDWQ_WQX-4990760","Undefined AU","Spatial","REJECT"
"UTAHDWQ_WQX-4990765","Undefined AU","Spatial","REJECT"
"UTAHDWQ_WQX-4990766","Undefined AU","Spatial","REJECT"
"UTAHDWQ_WQX-4990767","Undefined AU","Spatial","REJECT"
"UTAHDWQ_WQX-4990808","Undefined AU","Spatial","REJECT"
"UTAHDWQ_WQX-4990900","Undefined AU","Spatial","REJECT"
"UTAHDWQ_WQX-4991130","Undefined AU","Spatial","REJECT"
"UTAHDWQ_WQX-4991290","Undefined AU","Spatial","REJECT"
"UTAHDWQ_WQX-4991615","Undefined AU","Spatial","REJECT"
"UTAHDWQ_WQX-4991620","Undefined AU","Spatial","REJECT"
"UTAHDWQ_WQX-4991630","Undefined AU","Spatial","REJECT"
"UTAHDWQ_WQX-4991650","Undefined AU","Spatial","REJECT"
"UTAHDWQ_WQX-4992255","Undefined AU","Spatial","REJECT"
"UTAHDWQ_WQX-4992260","Undefined AU","Spatial","REJECT"
"UTAHDWQ_WQX-4993000","Undefined AU","Spatial","REJECT"
"UTAHDWQ_WQX-4994000","Undefined AU","Spatial","REJECT"
"UTAHDWQ_WQX-4994111","Undefined AU","Spatial","REJECT"
"UTAHDWQ_WQX-4994124","Undefined AU","Spatial","REJECT"
"UTAHDWQ_WQX-4994850","Undefined AU","Spatial","REJECT"
"UTAHDWQ_WQX-4994895","Undefined AU","Spatial","REJECT"
"UTAHDWQ_WQX-4994968","Undefined AU","Spatial","REJECT"
"UTAHDWQ_WQX-4995260","Undefined AU","Spatial","REJECT"
"UTAHDWQ_WQX-4996200","Undefined AU","Spatial","REJECT"
"UTAHDWQ_WQX-4996282","Undefined AU","Spatial","REJECT"
"UTAHDWQ_WQX-4996283","Undefined AU","Spatial","REJECT"
"UTAHDWQ_WQX-4996287","Undefined AU","Spatial","REJECT"
"UTAHDWQ_WQX-4996290","Undefined AU","Spatial","REJECT"
"UTAHDWQ_WQX-4996897","Undefined AU","Spatial","REJECT"
"UTAHDWQ_WQX-4996903","Undefined AU","Spatial","REJECT"
"UTAHDWQ_WQX-4998140","Undefined AU","Spatial","REJECT"
"UTAHDWQ_WQX-5919988","Undefined AU","Spatial","REJECT"
"UTAHDWQ_WQX-5937777","Undefined AU","Spatial","REJECT"
"UTAHDWQ_WQX-5952420","Undefined AU","Spatial","REJECT"
"UTAHDWQ_WQX-5952700","Undefined AU","Spatial","REJECT"
"UTAHDWQ_WQX-5960890","Undefined AU","Spatial","REJECT"
"UTAHDWQ_WQX-5989999","Undefined AU","Spatial","REJECT"
"UTAHDWQ_WQX-5994260","Undefined AU","Spatial","REJECT"
"UTAHDWQ_WQX-5995202","Undefined AU","Spatial","REJECT"
"UTAHDWQ_WQX-5995710","Undefined AU","Spatial","REJECT"
"UTAHDWQ_WQX-5997022","Undefined AU","Spatial","REJECT"
"UTAHDWQ_WQX-5997470","Undefined AU","Spatial","REJECT"
"UTAHGS-384610112495201","Undefined AU","Spatial","REJECT"
"UTAHGS-395717111512301","Undefined AU","Spatial","REJECT"
"UTAHGS-401544112060301","Undefined AU","Spatial","REJECT"
"UTAHGS-414234112551701","Undefined AU","Spatial","REJECT"
"952307_WQX-Gate Canyon Spring 1","Non-jurisdictional: out of state or within tribal boundaries","Spatial","REJECT"
"952307_WQX-Rye Spring 1","Non-jurisdictional: out of state or within tribal boundaries","Spatial","REJECT"
"952307_WQX-Rye Spring 2","Non-jurisdictional: out of state or within tribal boundaries","Spatial","REJECT"
"952307_WQX-Rye Spring 3","Non-jurisdictional: out of state or within tribal boundaries","Spatial","REJECT"
"NNEPA-02DESERTCR05","Non-jurisdictional: out of state or within tribal boundaries","Spatial","REJECT"
"NNEPA-02SANJUANR07","Non-jurisdictional: out of state or within tribal boundaries","Spatial","REJECT"
"NNEPA-04MCELMOCR01","Non-jurisdictional: out of state or within tribal boundaries","Spatial","REJECT"
"NTHRNUTE-401430109513000","Non-jurisdictional: out of state or within tribal boundaries","Spatial","REJECT"
"NTHRNUTE-9279100","Non-jurisdictional: out of state or within tribal boundaries","Spatial","REJECT"
"NTHRNUTE-9296800","Non-jurisdictional: out of state or within tribal boundaries","Spatial","REJECT"
"NTHRNUTE-9300500","Non-jurisdictional: out of state or within tribal boundaries","Spatial","REJECT"
"NTHRNUTE-9301500","Non-jurisdictional: out of state or within tribal boundaries","Spatial","REJECT"
"NTHRNUTE-DDC","Non-jurisdictional: out of state or within tribal boundaries","Spatial","REJECT"
"NTHRNUTE-G4C","Non-jurisdictional: out of state or within tribal boundaries","Spatial","REJECT"
"NTHRNUTE-RKD","Non-jurisdictional: out of state or within tribal boundaries","Spatial","REJECT"
"NTHRNUTE-UBH","Non-jurisdictional: out of state or within tribal boundaries","Spatial","REJECT"
"NTHRNUTE-UBS","Non-jurisdictional: out of state or within tribal boundaries","Spatial","REJECT"
"NTHRNUTE-UCC","Non-jurisdictional: out of state or within tribal boundaries","Spatial","REJECT"
"NTHRNUTE-UFD","Non-jurisdictional: out of state or within tribal boundaries","Spatial","REJECT"
"OST_SHPD-NRSA0809-UT014","Non-jurisdictional: out of state or within tribal boundaries","Spatial","REJECT"
"OST_SHPD-NRSA0809-UT047","Non-jurisdictional: out of state or within tribal boundaries","Spatial","REJECT"
"OST_SHPD-NRSA1314-UTR9-0901","Non-jurisdictional: out of state or within tribal boundaries","Spatial","REJECT"
"USGS-09279000","Non-jurisdictional: out of state or within tribal boundaries","Spatial","REJECT"
"USGS-09279100","Non-jurisdictional: out of state or within tribal boundaries","Spatial","REJECT"
"USGS-09292500","Non-jurisdictional: out of state or within tribal boundaries","Spatial","REJECT"
"USGS-09295000","Non-jurisdictional: out of state or within tribal boundaries","Spatial","REJECT"
"USGS-09296800","Non-jurisdictional: out of state or within tribal boundaries","Spatial","REJECT"
"USGS-09300500","Non-jurisdictional: out of state or within tribal boundaries","Spatial","REJECT"
"USGS-09301500","Non-jurisdictional: out of state or within tribal boundaries","Spatial","REJECT"
"USGS-09410100","Non-jurisdictional: out of state or within tribal boundaries","Spatial","REJECT"
"USGS-394554114003501","Non-jurisdictional: out of state or within tribal boundaries","Spatial","REJECT"
"USGS-395040113592601","Non-jurisdictional: out of state or within tribal boundaries","Spatial","REJECT"
"USGS-395112114014501","Non-jurisdictional: out of state or within tribal boundaries","Spatial","REJECT"
"USGS-395144113584901","Non-jurisdictional: out of state or within tribal boundaries","Spatial","REJECT"
"USGS-401430109513000","Non-jurisdictional: out of state or within tribal boundaries","Spatial","REJECT"
"USGS-401756110292801","Non-jurisdictional: out of state or within tribal boundaries","Spatial","REJECT"
"USGS-402112110424701","Non-jurisdictional: out of state or within tribal boundaries","Spatial","REJECT"
"USGS-402800110225301","Non-jurisdictional: out of state or within tribal boundaries","Spatial","REJECT"
"USGS-402911109572201","Non-jurisdictional: out of state or within tribal boundaries","Spatial","REJECT"
"USGS-403428110061101","Non-jurisdictional: out of state or within tribal boundaries","Spatial","REJECT"
"UTAHDWQ_WQX-4933160","Non-jurisdictional: out of state or within tribal boundaries","Spatial","REJECT"
"UTAHDWQ_WQX-4933520","Non-jurisdictional: out of state or within tribal boundaries","Spatial","REJECT"
"UTAHDWQ_WQX-4933540","Non-jurisdictional: out of state or within tribal boundaries","Spatial","REJECT"
"UTAHDWQ_WQX-4934100","Non-jurisdictional: out of state or within tribal boundaries","Spatial","REJECT"
"UTAHDWQ_WQX-4934190","Non-jurisdictional: out of state or within tribal boundaries","Spatial","REJECT"
"UTAHDWQ_WQX-4934300","Non-jurisdictional: out of state or within tribal boundaries","Spatial","REJECT"
"UTAHDWQ_WQX-4935060","Non-jurisdictional: out of state or within tribal boundaries","Spatial","REJECT"
"UTAHDWQ_WQX-4935070","Non-jurisdictional: out of state or within tribal boundaries","Spatial","REJECT"
"UTAHDWQ_WQX-4935110","Non-jurisdictional: out of state or within tribal boundaries","Spatial","REJECT"
"UTAHDWQ_WQX-4935200","Non-jurisdictional: out of state or within tribal boundaries","Spatial","REJECT"
"UTAHDWQ_WQX-4935850","Non-jurisdictional: out of state or within tribal boundaries","Spatial","REJECT"
"UTAHDWQ_WQX-4953560","Non-jurisdictional: out of state or within tribal boundaries","Spatial","REJECT"
"UTAHDWQ_WQX-4953885","Non-jurisdictional: out of state or within tribal boundaries","Spatial","REJECT"
"UTAHDWQ_WQX-5932540","Non-jurisdictional: out of state or within tribal boundaries","Spatial","REJECT"
"UTAHDWQ_WQX-5995710","Non-jurisdictional: out of state or within tribal boundaries","Spatial","REJECT"
"UTAHGS-393105109040801","Non-jurisdictional: out of state or within tribal boundaries","Spatial","REJECT"
"UTAHGS-400758110385101","Non-jurisdictional: out of state or within tribal boundaries","Spatial","REJECT"
"USGS-10010000","GSL assessed through separate program","Spatial","REJECT"
"USGS-10010020","GSL assessed through separate program","Spatial","REJECT"
"USGS-10010060","GSL assessed through separate program","Spatial","REJECT"
"USGS-10010100","GSL assessed through separate program","Spatial","REJECT"
"USGS-404410112123301","GSL assessed through separate program","Spatial","REJECT"
"USGS-404428112120801","GSL assessed through separate program","Spatial","REJECT"
"USGS-404428112121001","GSL assessed through separate program","Spatial","REJECT"
"USGS-404428112121002","GSL assessed through separate program","Spatial","REJECT"
"USGS-404443112114901","GSL assessed through separate program","Spatial","REJECT"
"USGS-404459112114601","GSL assessed through separate program","Spatial","REJECT"
"USGS-404521112113801","GSL assessed through separate program","Spatial","REJECT"
"USGS-404521112113802","GSL assessed through separate program","Spatial","REJECT"
"USGS-404521112113803","GSL assessed through separate program","Spatial","REJECT"
"USGS-404521112113804","GSL assessed through separate program","Spatial","REJECT"
"USGS-404543112113401","GSL assessed through separate program","Spatial","REJECT"
"USGS-404607112193801","GSL assessed through separate program","Spatial","REJECT"
"USGS-404651112193801","GSL assessed through separate program","Spatial","REJECT"
"USGS-404721112193901","GSL assessed through separate program","Spatial","REJECT"
"USGS-404835112105901","GSL assessed through separate program","Spatial","REJECT"
"USGS-405108112194501","GSL assessed through separate program","Spatial","REJECT"
"USGS-405356112205601","GSL assessed through separate program","Spatial","REJECT"
"USGS-405412112023901","GSL assessed through separate program","Spatial","REJECT"
"USGS-405426112020101","GSL assessed through separate program","Spatial","REJECT"
"USGS-405427112030401","GSL assessed through separate program","Spatial","REJECT"
"USGS-405430112022001","GSL assessed through separate program","Spatial","REJECT"
"USGS-405436112013101","GSL assessed through separate program","Spatial","REJECT"
"USGS-405443112025001","GSL assessed through separate program","Spatial","REJECT"
"USGS-405448112015901","GSL assessed through separate program","Spatial","REJECT"
"USGS-405451112011401","GSL assessed through separate program","Spatial","REJECT"
"USGS-405500112023001","GSL assessed through separate program","Spatial","REJECT"
"USGS-405505112014001","GSL assessed through separate program","Spatial","REJECT"
"USGS-405536112264201","GSL assessed through separate program","Spatial","REJECT"
"USGS-405542111564101","GSL assessed through separate program","Spatial","REJECT"
"USGS-405559112295401","GSL assessed through separate program","Spatial","REJECT"
"USGS-405812112270001","GSL assessed through separate program","Spatial","REJECT"
"USGS-405830112253101","GSL assessed through separate program","Spatial","REJECT"
"USGS-405856112264201","GSL assessed through separate program","Spatial","REJECT"
"USGS-405946112200001","GSL assessed through separate program","Spatial","REJECT"
"USGS-410130112403601","GSL assessed through separate program","Spatial","REJECT"
"USGS-410153112082301","GSL assessed through separate program","Spatial","REJECT"
"USGS-410224112095101","GSL assessed through separate program","Spatial","REJECT"
"USGS-410323112301901","GSL assessed through separate program","Spatial","REJECT"
"USGS-410342112223201","GSL assessed through separate program","Spatial","REJECT"
"USGS-410401112134801","GSL assessed through separate program","Spatial","REJECT"
"USGS-410422112200001","GSL assessed through separate program","Spatial","REJECT"
"USGS-410436112313501","GSL assessed through separate program","Spatial","REJECT"
"USGS-410541112324901","GSL assessed through separate program","Spatial","REJECT"
"USGS-410558112360001","GSL assessed through separate program","Spatial","REJECT"
"USGS-410637112270401","GSL assessed through separate program","Spatial","REJECT"
"USGS-410644112382601","GSL assessed through separate program","Spatial","REJECT"
"USGS-410848112201601","GSL assessed through separate program","Spatial","REJECT"
"USGS-410954112295901","GSL assessed through separate program","Spatial","REJECT"
"USGS-410955112402201","GSL assessed through separate program","Spatial","REJECT"
"USGS-411059112335601","GSL assessed through separate program","Spatial","REJECT"
"USGS-411116112244401","GSL assessed through separate program","Spatial","REJECT"
"USGS-411130112330001","GSL assessed through separate program","Spatial","REJECT"
"USGS-411318112334001","GSL assessed through separate program","Spatial","REJECT"
"USGS-411325112400701","GSL assessed through separate program","Spatial","REJECT"
"USGS-411403112200801","GSL assessed through separate program","Spatial","REJECT"
"USGS-411720112220001","GSL assessed through separate program","Spatial","REJECT"
"USGS-412522112053801","GSL assessed through separate program","Spatial","REJECT"
"USGS-412613112400801","GSL assessed through separate program","Spatial","REJECT"
"UTAHDWQ_WQX-4982000","GSL assessed through separate program","Spatial","REJECT"
"UTAHDWQ_WQX-4982080","GSL assessed through separate program","Spatial","REJECT"
"UTAHDWQ_WQX-4982130","GSL assessed through separate program","Spatial","REJECT"
"UTAHDWQ_WQX-4982450","GSL assessed through separate program","Spatial","REJECT"
"UTAHDWQ_WQX-4982500","GSL assessed through separate program","Spatial","REJECT"
"UTAHDWQ_WQX-4984200","GSL assessed through separate program","Spatial","REJECT"
"UTAHDWQ_WQX-4984210","GSL assessed through separate program","Spatial","REJECT"
"UTAHDWQ_WQX-4984400","GSL assessed through separate program","Spatial","REJECT"
"UTAHDWQ_WQX-4984500","GSL assessed through separate program","Spatial","REJECT"
"UTAHDWQ_WQX-4984800","GSL assessed through separate program","Spatial","REJECT"
"UTAHDWQ_WQX-4984810","GSL assessed through separate program","Spatial","REJECT"
"UTAHDWQ_WQX-4985010","GSL assessed through separate program","Spatial","REJECT"
"UTAHDWQ_WQX-4985120","GSL assessed through separate program","Spatial","REJECT"
"UTAHDWQ_WQX-4985130","GSL assessed through separate program","Spatial","REJECT"
"UTAHDWQ_WQX-4985200","GSL assessed through separate program","Spatial","REJECT"
"UTAHDWQ_WQX-4985210","GSL assessed through separate program","Spatial","REJECT"
"UTAHDWQ_WQX-4985230","GSL assessed through separate program","Spatial","REJECT"
"UTAHDWQ_WQX-4985250","GSL assessed through separate program","Spatial","REJECT"
"UTAHDWQ_WQX-4985300","GSL assessed through separate program","Spatial","REJECT"
"USGS-10108400","Non-assessed canal or ditch","Spatial","REJECT"
"USGS-370533113315101","Non-assessed canal or ditch","Spatial","REJECT"
"USGS-370545113312501","Non-assessed canal or ditch","Spatial","REJECT"
"USGS-370545113312502","Non-assessed canal or ditch","Spatial","REJECT"
"USGS-370547113312201","Non-assessed canal or ditch","Spatial","REJECT"
"USGS-405800109494601","Non-assessed canal or ditch","Spatial","REJECT"
"USGS-405832109381401","Non-assessed canal or ditch","Spatial","REJECT"
"USGS-412522112053801","Non-assessed canal or ditch","Spatial","REJECT"
"USGS-414053112132501","Non-assessed canal or ditch","Spatial","REJECT"
"USGS-415041112085201","Non-assessed canal or ditch","Spatial","REJECT"
"UTAHDWQ_WQX-4902780","Non-assessed canal or ditch","Spatial","REJECT"
"UTAHDWQ_WQX-4904840","Non-assessed canal or ditch","Spatial","REJECT"
"UTAHDWQ_WQX-4908718","Non-assessed canal or ditch","Spatial","REJECT"
"UTAHDWQ_WQX-4942031","Non-assessed canal or ditch","Spatial","REJECT"
"UTAHDWQ_WQX-4942032","Non-assessed canal or ditch","Spatial","REJECT"
"UTAHDWQ_WQX-4942033","Non-assessed canal or ditch","Spatial","REJECT"
"UTAHDWQ_WQX-4942034","Non-assessed canal or ditch","Spatial","REJECT"
"UTAHDWQ_WQX-4942035","Non-assessed canal or ditch","Spatial","REJECT"
"UTAHDWQ_WQX-4942037","Non-assessed canal or ditch","Spatial","REJECT"
"UTAHDWQ_WQX-4942038","Non-assessed canal or ditch","Spatial","REJECT"
"UTAHDWQ_WQX-4942039","Non-assessed canal or ditch","Spatial","REJECT"
"UTAHDWQ_WQX-4946320","Non-assessed canal or ditch","Spatial","REJECT"
"UTAHDWQ_WQX-4946580","Non-assessed canal or ditch","Spatial","REJECT"
"UTAHDWQ_WQX-4994112","Non-assessed canal or ditch","Spatial","REJECT"
"UTAHDWQ_WQX-4994118","Non-assessed canal or ditch","Spatial","REJECT"
"UTAHDWQ_WQX-4994740","Non-assessed canal or ditch","Spatial","REJECT"
"UTAHDWQ_WQX-4995120","Non-assessed canal or ditch","Spatial","REJECT"
"UTAHDWQ_WQX-4996410","Non-assessed canal or ditch","Spatial","REJECT"
"UTAHDWQ_WQX-5910020","Non-assessed canal or ditch","Spatial","REJECT"
"UTAHDWQ_WQX-5910260","Non-assessed canal or ditch","Spatial","REJECT"
"UTAHDWQ_WQX-5910273","Non-assessed canal or ditch","Spatial","REJECT"
"UTAHDWQ_WQX-5910302","Non-assessed canal or ditch","Spatial","REJECT"
"UTAHDWQ_WQX-5938120","Non-assessed canal or ditch","Spatial","REJECT"
"UTAHDWQ_WQX-5951260","Non-assessed canal or ditch","Spatial","REJECT"
"UTAHDWQ_WQX-5951261","Non-assessed canal or ditch","Spatial","REJECT"
"UTAHDWQ_WQX-5951263","Non-assessed canal or ditch","Spatial","REJECT"
"UTAHDWQ_WQX-5951264","Non-assessed canal or ditch","Spatial","REJECT"
"UTAHDWQ_WQX-5951265","Non-assessed canal or ditch","Spatial","REJECT"
"UTAHDWQ_WQX-5953870","Non-assessed canal or ditch","Spatial","REJECT"
"UTAHDWQ_WQX-5954540","Non-assessed canal or ditch","Spatial","REJECT"
"USGS-371938110553700","Stream or spring site type in non-River/Stream AU","Spatial","REJECT"
"USGS-372205110564500","Stream or spring site type in non-River/Stream AU","Spatial","REJECT"
"USGS-372940110421600","Stream or spring site type in non-River/Stream AU","Spatial","REJECT"
"USGS-383132111315001","Stream or spring site type in non-River/Stream AU","Spatial","REJECT"
"USGS-405902109381801","Stream or spring site type in non-River/Stream AU","Spatial","REJECT"
"USGS-405921109382801","Stream or spring site type in non-River/Stream AU","Spatial","REJECT"
"USGS-405922109383501","Stream or spring site type in non-River/Stream AU","Spatial","REJECT"
"USGS-405923109383601","Stream or spring site type in non-River/Stream AU","Spatial","REJECT"
"USGS-405938109385301","Stream or spring site type in non-River/Stream AU","Spatial","REJECT"
"USGS-405945109390001","Stream or spring site type in non-River/Stream AU","Spatial","REJECT"
"USGS-405945109390002","Stream or spring site type in non-River/Stream AU","Spatial","REJECT"
"USGS-411403112200801","Stream or spring site type in non-River/Stream AU","Spatial","REJECT"
"UTAHDWQ_WQX-4904720","Stream or spring site type in non-River/Stream AU","Spatial","REJECT"
"UTAHDWQ_WQX-4905052","Stream or spring site type in non-River/Stream AU","Spatial","REJECT"
"UTAHDWQ_WQX-4939147","Stream or spring site type in non-River/Stream AU","Spatial","REJECT"
"UTAHDWQ_WQX-4952940","Stream or spring site type in non-River/Stream AU","Spatial","REJECT"
"UTAHDWQ_WQX-4953510","Stream or spring site type in non-River/Stream AU","Spatial","REJECT"
"UTAHDWQ_WQX-4995210","Stream or spring site type in non-River/Stream AU","Spatial","REJECT"
"UTAHDWQ_WQX-4995251","Stream or spring site type in non-River/Stream AU","Spatial","REJECT"
"UTAHDWQ_WQX-4995252","Stream or spring site type in non-River/Stream AU","Spatial","REJECT"
"UTAHDWQ_WQX-4995253","Stream or spring site type in non-River/Stream AU","Spatial","REJECT"
"UTAHDWQ_WQX-4995254","Stream or spring site type in non-River/Stream AU","Spatial","REJECT"
"UTAHDWQ_WQX-4995255","Stream or spring site type in non-River/Stream AU","Spatial","REJECT"
"UTAHDWQ_WQX-4995256","Stream or spring site type in non-River/Stream AU","Spatial","REJECT"
"UTAHDWQ_WQX-4995257","Stream or spring site type in non-River/Stream AU","Spatial","REJECT"
"UTAHDWQ_WQX-4995258","Stream or spring site type in non-River/Stream AU","Spatial","REJECT"
"UTAHDWQ_WQX-4995259","Stream or spring site type in non-River/Stream AU","Spatial","REJECT"
"UTAHDWQ_WQX-4995470","Stream or spring site type in non-River/Stream AU","Spatial","REJECT"
"UTAHDWQ_WQX-4996040","Stream or spring site type in non-River/Stream AU","Spatial","REJECT"
"UTAHDWQ_WQX-4996042","Stream or spring site type in non-River/Stream AU","Spatial","REJECT"
"UTAHDWQ_WQX-4997670","Stream or spring site type in non-River/Stream AU","Spatial","REJECT"
"UTAHDWQ_WQX-4998000","Stream or spring site type in non-River/Stream AU","Spatial","REJECT"
"UTAHDWQ_WQX-4998130","Stream or spring site type in non-River/Stream AU","Spatial","REJECT"
"UTAHDWQ_WQX-5910617","Stream or spring site type in non-River/Stream AU","Spatial","REJECT"
"UTAHDWQ_WQX-5919850","Stream or spring site type in non-River/Stream AU","Spatial","REJECT"
"UTAHDWQ_WQX-5919860","Stream or spring site type in non-River/Stream AU","Spatial","REJECT"
"UTAHDWQ_WQX-5937720","Stream or spring site type in non-River/Stream AU","Spatial","REJECT"
"UTAHDWQ_WQX-5939870","Stream or spring site type in non-River/Stream AU","Spatial","REJECT"
"UTAHDWQ_WQX-5941820","Stream or spring site type in non-River/Stream AU","Spatial","REJECT"
"UTAHDWQ_WQX-5945070","Stream or spring site type in non-River/Stream AU","Spatial","REJECT"
"UTAHDWQ_WQX-5946910","Stream or spring site type in non-River/Stream AU","Spatial","REJECT"
"UTAHDWQ_WQX-5952140","Stream or spring site type in non-River/Stream AU","Spatial","REJECT"
"UTAHDWQ_WQX-5985089","Stream or spring site type in non-River/Stream AU","Spatial","REJECT"
"UTAHDWQ_WQX-5985092","Stream or spring site type in non-River/Stream AU","Spatial","REJECT"
"UTAHDWQ_WQX-5985093","Stream or spring site type in non-River/Stream AU","Spatial","REJECT"
"UTAHDWQ_WQX-5985094","Stream or spring site type in non-River/Stream AU","Spatial","REJECT"
"UTAHDWQ_WQX-5985095","Stream or spring site type in non-River/Stream AU","Spatial","REJECT"
"USGS-10126000","Duplicated MLID","Spatial","REVIEW"
"USGS-10126000","Duplicated MLID","Spatial","REVIEW"
"USGS-10130500","Duplicated MLID","Spatial","REVIEW"
"USGS-10130500","Duplicated MLID","Spatial","REVIEW"
"USGS-10168000","Duplicated MLID","Spatial","REVIEW"
"USGS-10168000","Duplicated MLID","Spatial","REVIEW"
"USGS-10171000","Duplicated MLID","Spatial","REVIEW"
"USGS-10171000","Duplicated MLID","Spatial","REVIEW"
"11NPSWRD_WQX-DINO_3P_9261000","Duplicated lat or long","Spatial","REVIEW"
"USGS-09261000","Duplicated lat or long","Spatial","REVIEW"
"11NPSWRD_WQX-TICA_3P_MCP","Duplicated lat or long","Spatial","REVIEW"
"11NPSWRD_WQX-TICA_3P_MCVA","Duplicated lat or long","Spatial","REVIEW"
"USGS-10126000","Duplicated lat or long","Spatial","REVIEW"
"USGS-10126000","Duplicated lat or long","Spatial","REVIEW"
"USGS-10130500","Duplicated lat or long","Spatial","REVIEW"
"USGS-10130500","Duplicated lat or long","Spatial","REVIEW"
"USGS-10168000","Duplicated lat or long","Spatial","REVIEW"
"USGS-10168000","Duplicated lat or long","Spatial","REVIEW"
"USGS-10171000","Duplicated lat or long","Spatial","REVIEW"
"USGS-10171000","Duplicated lat or long","Spatial","REVIEW"
"USGS-371120113160401","Duplicated lat or long","Spatial","REVIEW"
"USGS-371125113162501","Duplicated lat or long","Spatial","REVIEW"
"USGS-371127113155901","Duplicated lat or long","Spatial","REVIEW"
"USGS-373908113313701","Duplicated lat or long","Spatial","REVIEW"
"USGS-373908113313901","Duplicated lat or long","Spatial","REVIEW"
"USGS-373908113314101","Duplicated lat or long","Spatial","REVIEW"
"USGS-402744110500001","Duplicated lat or long","Spatial","REVIEW"
"USGS-402746110500001","Duplicated lat or long","Spatial","REVIEW"
"USGS-404359111552401","Duplicated lat or long","Spatial","REVIEW"
"USGS-404413111552701","Duplicated lat or long","Spatial","REVIEW"
"USGS-404434111550701","Duplicated lat or long","Spatial","REVIEW"
"USGS-404438111551301","Duplicated lat or long","Spatial","REVIEW"
"USGS-404439111550701","Duplicated lat or long","Spatial","REVIEW"
"USGS-404456111551301","Duplicated lat or long","Spatial","REVIEW"
"USGS-404457111551001","Duplicated lat or long","Spatial","REVIEW"
"USGS-404459111551001","Duplicated lat or long","Spatial","REVIEW"
"USGS-404459111551601","Duplicated lat or long","Spatial","REVIEW"
"USGS-404459111551801","Duplicated lat or long","Spatial","REVIEW"
"USGS-404508111551801","Duplicated lat or long","Spatial","REVIEW"
"OST_SHPD-NRSA0809-UT023","Duplicated lat or long","Spatial","REVIEW"
"UTAHDWQ_WQX-4924733","Duplicated lat or long","Spatial","REVIEW"
"UTAHDWQ_WQX-4924735","Duplicated lat or long","Spatial","REVIEW"
"OST_SHPD-NRSA1314-UTR9-0906","Duplicated lat or long","Spatial","REVIEW"
"11NPSWRD_WQX-CARE_3P_4954360","One or more sites w/in 100 m","Spatial","REVIEW"
"UTAHDWQ_WQX-4926792","One or more sites w/in 100 m","Spatial","REVIEW"
"UTAHDWQ_WQX-4926793","One or more sites w/in 100 m","Spatial","REVIEW"
"UTAHDWQ_WQX-4926794","One or more sites w/in 100 m","Spatial","REVIEW"
"UTAHDWQ_WQX-4927010","One or more sites w/in 100 m","Spatial","REVIEW"
"UC_REGION_USBOR_WQX-ER-INF","One or more sites w/in 100 m","Spatial","REVIEW"
"UTAHDWQ_WQX-4932830","One or more sites w/in 100 m","Spatial","REVIEW"
"11NPSWRD_WQX-CARE_3P_4954770","One or more sites w/in 100 m","Spatial","REVIEW"
"UTAHDWQ_WQX-4933476","One or more sites w/in 100 m","Spatial","REVIEW"
"UTAHDWQ_WQX-4933970","One or more sites w/in 100 m","Spatial","REVIEW"
"UTAHDWQ_WQX-4934530","One or more sites w/in 100 m","Spatial","REVIEW"
"UTAHDWQ_WQX-4935220","One or more sites w/in 100 m","Spatial","REVIEW"
"UTAHDWQ_WQX-4935270","One or more sites w/in 100 m","Spatial","REVIEW"
"UTAHDWQ_WQX-4935740","One or more sites w/in 100 m","Spatial","REVIEW"
"UTAHDWQ_WQX-4936130","One or more sites w/in 100 m","Spatial","REVIEW"
"UTAHDWQ_WQX-4936138","One or more sites w/in 100 m","Spatial","REVIEW"
"UTAHDWQ_WQX-4936144","One or more sites w/in 100 m","Spatial","REVIEW"
"UTAHDWQ_WQX-4936150","One or more sites w/in 100 m","Spatial","REVIEW"
"11NPSWRD_WQX-DINO_3P_9261000","One or more sites w/in 100 m","Spatial","REVIEW"
"UTAHDWQ_WQX-4936636","One or more sites w/in 100 m","Spatial","REVIEW"
"UTAHDWQ_WQX-4936637","One or more sites w/in 100 m","Spatial","REVIEW"
"UTAHDWQ_WQX-4936790","One or more sites w/in 100 m","Spatial","REVIEW"
"UTAHDWQ_WQX-4937020","One or more sites w/in 100 m","Spatial","REVIEW"
"UTAHDWQ_WQX-4937720","One or more sites w/in 100 m","Spatial","REVIEW"
"UTAHDWQ_WQX-4937900","One or more sites w/in 100 m","Spatial","REVIEW"
"UTAHDWQ_WQX-4939141","One or more sites w/in 100 m","Spatial","REVIEW"
"UTAHDWQ_WQX-4940610","One or more sites w/in 100 m","Spatial","REVIEW"
"UTAHDWQ_WQX-4942290","One or more sites w/in 100 m","Spatial","REVIEW"
"UTAHDWQ_WQX-4946650","One or more sites w/in 100 m","Spatial","REVIEW"
"UTAHDWQ_WQX-4946670","One or more sites w/in 100 m","Spatial","REVIEW"
"UTAHDWQ_WQX-4949280","One or more sites w/in 100 m","Spatial","REVIEW"
"UTAHDWQ_WQX-4949650","One or more sites w/in 100 m","Spatial","REVIEW"
"UTAHDWQ_WQX-4949975","One or more sites w/in 100 m","Spatial","REVIEW"
"UTAHDWQ_WQX-4950320","One or more sites w/in 100 m","Spatial","REVIEW"
"UTAHDWQ_WQX-4950332","One or more sites w/in 100 m","Spatial","REVIEW"
"UTAHDWQ_WQX-4950650","One or more sites w/in 100 m","Spatial","REVIEW"
"UTAHDWQ_WQX-4950800","One or more sites w/in 100 m","Spatial","REVIEW"
"UTAHDWQ_WQX-4950850","One or more sites w/in 100 m","Spatial","REVIEW"
"UTAHDWQ_WQX-4950920","One or more sites w/in 100 m","Spatial","REVIEW"
"UTAHDWQ_WQX-4951200","One or more sites w/in 100 m","Spatial","REVIEW"
"11NPSWRD_WQX-HOVE_3P_5995700","One or more sites w/in 100 m","Spatial","REVIEW"
"USGS-09183600","One or more sites w/in 100 m","Spatial","REVIEW"
"UTAHDWQ_WQX-4951800","One or more sites w/in 100 m","Spatial","REVIEW"
"UTAHDWQ_WQX-4951810","One or more sites w/in 100 m","Spatial","REVIEW"
"UTAHDWQ_WQX-4951850","One or more sites w/in 100 m","Spatial","REVIEW"
"UTAHDWQ_WQX-4951855","One or more sites w/in 100 m","Spatial","REVIEW"
"UTAHDWQ_WQX-4951857","One or more sites w/in 100 m","Spatial","REVIEW"
"USGS-09261000","One or more sites w/in 100 m","Spatial","REVIEW"
"UTAHDWQ_WQX-4953980","One or more sites w/in 100 m","Spatial","REVIEW"
"UTAHDWQ_WQX-4954210","One or more sites w/in 100 m","Spatial","REVIEW"
"UTAHDWQ_WQX-4954240","One or more sites w/in 100 m","Spatial","REVIEW"
"UTAHDWQ_WQX-4954260","One or more sites w/in 100 m","Spatial","REVIEW"
"UTAHDWQ_WQX-4954360","One or more sites w/in 100 m","Spatial","REVIEW"
"UTAHDWQ_WQX-4954380","One or more sites w/in 100 m","Spatial","REVIEW"
"USGS-09265300","One or more sites w/in 100 m","Spatial","REVIEW"
"UTAHDWQ_WQX-4954590","One or more sites w/in 100 m","Spatial","REVIEW"
"UTAHDWQ_WQX-4954635","One or more sites w/in 100 m","Spatial","REVIEW"
"USGS-09266500","One or more sites w/in 100 m","Spatial","REVIEW"
"USGS-09272400","One or more sites w/in 100 m","Spatial","REVIEW"
"UTAHDWQ_WQX-4955425","One or more sites w/in 100 m","Spatial","REVIEW"
"UTAHDWQ_WQX-4955426","One or more sites w/in 100 m","Spatial","REVIEW"
"USGS-09277500","One or more sites w/in 100 m","Spatial","REVIEW"
"UTAHDWQ_WQX-4956003","One or more sites w/in 100 m","Spatial","REVIEW"
"UTAHDWQ_WQX-4956016","One or more sites w/in 100 m","Spatial","REVIEW"
"UTAHDWQ_WQX-4956402","One or more sites w/in 100 m","Spatial","REVIEW"
"USGS-09279150","One or more sites w/in 100 m","Spatial","REVIEW"
"USGS-09285900","One or more sites w/in 100 m","Spatial","REVIEW"
"USGS-09288180","One or more sites w/in 100 m","Spatial","REVIEW"
"UTAHDWQ_WQX-4985490","One or more sites w/in 100 m","Spatial","REVIEW"
"UTAHDWQ_WQX-4990340","One or more sites w/in 100 m","Spatial","REVIEW"
"UTAHDWQ_WQX-4990720","One or more sites w/in 100 m","Spatial","REVIEW"
"USGS-09294500","One or more sites w/in 100 m","Spatial","REVIEW"
"USGS-09295100","One or more sites w/in 100 m","Spatial","REVIEW"
"UTAHDWQ_WQX-4992050","One or more sites w/in 100 m","Spatial","REVIEW"
"UTAHDWQ_WQX-4992055","One or more sites w/in 100 m","Spatial","REVIEW"
"UTAHDWQ_WQX-4992070","One or more sites w/in 100 m","Spatial","REVIEW"
"UTAHDWQ_WQX-4992100","One or more sites w/in 100 m","Spatial","REVIEW"
"UTAHDWQ_WQX-4992140","One or more sites w/in 100 m","Spatial","REVIEW"
"UTAHDWQ_WQX-4992154","One or more sites w/in 100 m","Spatial","REVIEW"
"UTAHDWQ_WQX-4992155","One or more sites w/in 100 m","Spatial","REVIEW"
"UTAHDWQ_WQX-4992156","One or more sites w/in 100 m","Spatial","REVIEW"
"UTAHDWQ_WQX-4992157","One or more sites w/in 100 m","Spatial","REVIEW"
"UTAHDWQ_WQX-4992159","One or more sites w/in 100 m","Spatial","REVIEW"
"USGS-09302000","One or more sites w/in 100 m","Spatial","REVIEW"
"UTAHDWQ_WQX-4992161","One or more sites w/in 100 m","Spatial","REVIEW"
"USGS-09306500","One or more sites w/in 100 m","Spatial","REVIEW"
"UTAHDWQ_WQX-4992290","One or more sites w/in 100 m","Spatial","REVIEW"
"UTAHDWQ_WQX-4992560","One or more sites w/in 100 m","Spatial","REVIEW"
"UTAHDWQ_WQX-4992570","One or more sites w/in 100 m","Spatial","REVIEW"
"USGS-09310700","One or more sites w/in 100 m","Spatial","REVIEW"
"UTAHDWQ_WQX-4992710","One or more sites w/in 100 m","Spatial","REVIEW"
"UTAHDWQ_WQX-4992727","One or more sites w/in 100 m","Spatial","REVIEW"
"USGS-09312600","One or more sites w/in 100 m","Spatial","REVIEW"
"UTAHDWQ_WQX-4993793","One or more sites w/in 100 m","Spatial","REVIEW"
"UTAHDWQ_WQX-4993795","One or more sites w/in 100 m","Spatial","REVIEW"
"UTAHDWQ_WQX-4993892","One or more sites w/in 100 m","Spatial","REVIEW"
"11NPSWRD_WQX-ARCH_3P_5995240","One or more sites w/in 100 m","Spatial","REVIEW"
"11NPSWRD_WQX-TICA_3P_HCL","One or more sites w/in 100 m","Spatial","REVIEW"
"UTAHDWQ_WQX-4994720","One or more sites w/in 100 m","Spatial","REVIEW"
"UTAHDWQ_WQX-4994730","One or more sites w/in 100 m","Spatial","REVIEW"
"USGS-09326500","One or more sites w/in 100 m","Spatial","REVIEW"
"UTAHDWQ_WQX-4994970","One or more sites w/in 100 m","Spatial","REVIEW"
"UTAHDWQ_WQX-4995400","One or more sites w/in 100 m","Spatial","REVIEW"
"UTAHDWQ_WQX-4995401","One or more sites w/in 100 m","Spatial","REVIEW"
"UTAHDWQ_WQX-4995405","One or more sites w/in 100 m","Spatial","REVIEW"
"UTAHDWQ_WQX-4995408","One or more sites w/in 100 m","Spatial","REVIEW"
"UTAHDWQ_WQX-4995452","One or more sites w/in 100 m","Spatial","REVIEW"
"USGS-09330000","One or more sites w/in 100 m","Spatial","REVIEW"
"UTAHDWQ_WQX-4995690","One or more sites w/in 100 m","Spatial","REVIEW"
"UTAHDWQ_WQX-4995710","One or more sites w/in 100 m","Spatial","REVIEW"
"UTAHDWQ_WQX-4995720","One or more sites w/in 100 m","Spatial","REVIEW"
"UTAHDWQ_WQX-4995730","One or more sites w/in 100 m","Spatial","REVIEW"
"11NPSWRD_WQX-TICA_3P_MCP","One or more sites w/in 100 m","Spatial","REVIEW"
"USGS-09337000","One or more sites w/in 100 m","Spatial","REVIEW"
"UTAHDWQ_WQX-4996281","One or more sites w/in 100 m","Spatial","REVIEW"
"UTAHDWQ_WQX-4996284","One or more sites w/in 100 m","Spatial","REVIEW"
"UTAHDWQ_WQX-4998115","One or more sites w/in 100 m","Spatial","REVIEW"
"UTAHDWQ_WQX-4998400","One or more sites w/in 100 m","Spatial","REVIEW"
"USGS-09381800","One or more sites w/in 100 m","Spatial","REVIEW"
"USGS-09403600","One or more sites w/in 100 m","Spatial","REVIEW"
"UTAHDWQ_WQX-5910280","One or more sites w/in 100 m","Spatial","REVIEW"
"UTAHDWQ_WQX-5910283","One or more sites w/in 100 m","Spatial","REVIEW"
"11NPSWRD_WQX-TICA_3P_MCVA","One or more sites w/in 100 m","Spatial","REVIEW"
"USGS-09406000","One or more sites w/in 100 m","Spatial","REVIEW"
"UTAHDWQ_WQX-5913520","One or more sites w/in 100 m","Spatial","REVIEW"
"UTAHDWQ_WQX-5917610","One or more sites w/in 100 m","Spatial","REVIEW"
"UTAHDWQ_WQX-5917620","One or more sites w/in 100 m","Spatial","REVIEW"
"UTAHDWQ_WQX-5917622","One or more sites w/in 100 m","Spatial","REVIEW"
"UTAHDWQ_WQX-5917624","One or more sites w/in 100 m","Spatial","REVIEW"
"UTAHDWQ_WQX-5917626","One or more sites w/in 100 m","Spatial","REVIEW"
"UTAHDWQ_WQX-5918880","One or more sites w/in 100 m","Spatial","REVIEW"
"USGS-09408150","One or more sites w/in 100 m","Spatial","REVIEW"
"USGS-09408400","One or more sites w/in 100 m","Spatial","REVIEW"
"UTAHDWQ_WQX-5931480","One or more sites w/in 100 m","Spatial","REVIEW"
"UTAHDWQ_WQX-5931760","One or more sites w/in 100 m","Spatial","REVIEW"
"11NPSWRD_WQX-ZION_3P_4950800","One or more sites w/in 100 m","Spatial","REVIEW"
"UTAHDWQ_WQX-5936070","One or more sites w/in 100 m","Spatial","REVIEW"
"UTAHDWQ_WQX-5936074","One or more sites w/in 100 m","Spatial","REVIEW"
"UTAHDWQ_WQX-5937665","One or more sites w/in 100 m","Spatial","REVIEW"
"UTAHDWQ_WQX-5937730","One or more sites w/in 100 m","Spatial","REVIEW"
"UTAHDWQ_WQX-5940210","One or more sites w/in 100 m","Spatial","REVIEW"
"UTAHDWQ_WQX-5940440","One or more sites w/in 100 m","Spatial","REVIEW"
"11NPSWRD_WQX-ZION_3P_4950920","One or more sites w/in 100 m","Spatial","REVIEW"
"USGS-10011500","One or more sites w/in 100 m","Spatial","REVIEW"
"UTAHDWQ_WQX-5949940","One or more sites w/in 100 m","Spatial","REVIEW"
"UTAHDWQ_WQX-5949950","One or more sites w/in 100 m","Spatial","REVIEW"
"USGS-10105900","One or more sites w/in 100 m","Spatial","REVIEW"
"UTAHDWQ_WQX-5951004","One or more sites w/in 100 m","Spatial","REVIEW"
"USGS-10118000","One or more sites w/in 100 m","Spatial","REVIEW"
"UTAHDWQ_WQX-5952774","One or more sites w/in 100 m","Spatial","REVIEW"
"UTAHDWQ_WQX-5952782","One or more sites w/in 100 m","Spatial","REVIEW"
"UTAHDWQ_WQX-5952784","One or more sites w/in 100 m","Spatial","REVIEW"
"USGS-10125600","One or more sites w/in 100 m","Spatial","REVIEW"
"UTAHDWQ_WQX-5952826","One or more sites w/in 100 m","Spatial","REVIEW"
"UTAHDWQ_WQX-5952827","One or more sites w/in 100 m","Spatial","REVIEW"
"UTAHDWQ_WQX-5952829","One or more sites w/in 100 m","Spatial","REVIEW"
"11NPSWRD_WQX-ZION_3P_4951199","One or more sites w/in 100 m","Spatial","REVIEW"
"UTAHDWQ_WQX-5987000","One or more sites w/in 100 m","Spatial","REVIEW"
"USGS-10129500","One or more sites w/in 100 m","Spatial","REVIEW"
"USGS-10129900","One or more sites w/in 100 m","Spatial","REVIEW"
"UTAHDWQ_WQX-5995240","One or more sites w/in 100 m","Spatial","REVIEW"
"UTAHDWQ_WQX-5995246","One or more sites w/in 100 m","Spatial","REVIEW"
"UTAHDWQ_WQX-5995700","One or more sites w/in 100 m","Spatial","REVIEW"
"11NPSWRD_WQX-ZION_3P_GROTTO","One or more sites w/in 100 m","Spatial","REVIEW"
"UTAHGS-384113109391001","One or more sites w/in 100 m","Spatial","REVIEW"
"UTAHGS-400045110002901","One or more sites w/in 100 m","Spatial","REVIEW"
"USGS-10131000","One or more sites w/in 100 m","Spatial","REVIEW"
"UTAHGS-402050112330201","One or more sites w/in 100 m","Spatial","REVIEW"
"UTAHGS-402311111251401","One or more sites w/in 100 m","Spatial","REVIEW"
"USGS-10132000","One or more sites w/in 100 m","Spatial","REVIEW"
"UTEMTN-Cow Camp Spring","One or more sites w/in 100 m","Spatial","REVIEW"
"UTEMTN-MILL_SPG_NW","One or more sites w/in 100 m","Spatial","REVIEW"
"USGS-10134500","One or more sites w/in 100 m","Spatial","REVIEW"
"USGS-10141000","One or more sites w/in 100 m","Spatial","REVIEW"
"USGS-10142000","One or more sites w/in 100 m","Spatial","REVIEW"
"USGS-10149000","One or more sites w/in 100 m","Spatial","REVIEW"
"USGS-10149400","One or more sites w/in 100 m","Spatial","REVIEW"
"USGS-10154200","One or more sites w/in 100 m","Spatial","REVIEW"
"USGS-10155000","One or more sites w/in 100 m","Spatial","REVIEW"
"USGS-10157500","One or more sites w/in 100 m","Spatial","REVIEW"
"USGS-10171000","One or more sites w/in 100 m","Spatial","REVIEW"
"USGS-10171000","One or more sites w/in 100 m","Spatial","REVIEW"
"USGS-10172200","One or more sites w/in 100 m","Spatial","REVIEW"
"11NPSWRD_WQX-ARCH_3P_5995245","One or more sites w/in 100 m","Spatial","REVIEW"
"USGS-10174500","One or more sites w/in 100 m","Spatial","REVIEW"
"USGS-10219000","One or more sites w/in 100 m","Spatial","REVIEW"
"USGS-10234500","One or more sites w/in 100 m","Spatial","REVIEW"
"USGS-10237000","One or more sites w/in 100 m","Spatial","REVIEW"
"952307_WQX-4933476","One or more sites w/in 100 m","Spatial","REVIEW"
"USGS-370737113221301","One or more sites w/in 100 m","Spatial","REVIEW"
"USGS-371045113233901","One or more sites w/in 100 m","Spatial","REVIEW"
"USGS-371118113160601","One or more sites w/in 100 m","Spatial","REVIEW"
"USGS-371118113160901","One or more sites w/in 100 m","Spatial","REVIEW"
"USGS-371120113160401","One or more sites w/in 100 m","Spatial","REVIEW"
"USGS-371125113162501","One or more sites w/in 100 m","Spatial","REVIEW"
"952307_WQX-4937020","One or more sites w/in 100 m","Spatial","REVIEW"
"USGS-371529112564801","One or more sites w/in 100 m","Spatial","REVIEW"
"USGS-371542113062401","One or more sites w/in 100 m","Spatial","REVIEW"
"USGS-371705112565001","One or more sites w/in 100 m","Spatial","REVIEW"
"USGS-373417112120401","One or more sites w/in 100 m","Spatial","REVIEW"
"USGS-373428112082801","One or more sites w/in 100 m","Spatial","REVIEW"
"USGS-373907113313701","One or more sites w/in 100 m","Spatial","REVIEW"
"USGS-373908113313701","One or more sites w/in 100 m","Spatial","REVIEW"
"USGS-373908113313901","One or more sites w/in 100 m","Spatial","REVIEW"
"USGS-373908113314101","One or more sites w/in 100 m","Spatial","REVIEW"
"USGS-373909113314201","One or more sites w/in 100 m","Spatial","REVIEW"
"USGS-374748111244401","One or more sites w/in 100 m","Spatial","REVIEW"
"USGS-381712111144601","One or more sites w/in 100 m","Spatial","REVIEW"
"USGS-381719111140601","One or more sites w/in 100 m","Spatial","REVIEW"
"USGS-383021109393401","One or more sites w/in 100 m","Spatial","REVIEW"
"11NPSWRD_WQX-ARCH_3P_5995250","One or more sites w/in 100 m","Spatial","REVIEW"
"952307_WQX-Unnamed Spring 2","One or more sites w/in 100 m","Spatial","REVIEW"
"USGS-383646109344701","One or more sites w/in 100 m","Spatial","REVIEW"
"USGS-384024109382301","One or more sites w/in 100 m","Spatial","REVIEW"
"USGS-384117109391801","One or more sites w/in 100 m","Spatial","REVIEW"
"USGS-400806110133200","One or more sites w/in 100 m","Spatial","REVIEW"
"USGS-400926110241800","One or more sites w/in 100 m","Spatial","REVIEW"
"USGS-401016110181100","One or more sites w/in 100 m","Spatial","REVIEW"
"USGS-402050112330201","One or more sites w/in 100 m","Spatial","REVIEW"
"USGS-402615111423901","One or more sites w/in 100 m","Spatial","REVIEW"
"USGS-402617111423801","One or more sites w/in 100 m","Spatial","REVIEW"
"USGS-402744110500001","One or more sites w/in 100 m","Spatial","REVIEW"
"USGS-402746110500001","One or more sites w/in 100 m","Spatial","REVIEW"
"USGS-402937110504601","One or more sites w/in 100 m","Spatial","REVIEW"
"USGS-404359111552401","One or more sites w/in 100 m","Spatial","REVIEW"
"USGS-404403111552401","One or more sites w/in 100 m","Spatial","REVIEW"
"USGS-404413111552701","One or more sites w/in 100 m","Spatial","REVIEW"
"USGS-404420111552001","One or more sites w/in 100 m","Spatial","REVIEW"
"USGS-404420111552002","One or more sites w/in 100 m","Spatial","REVIEW"
"USGS-404429111550801","One or more sites w/in 100 m","Spatial","REVIEW"
"USGS-404430111550501","One or more sites w/in 100 m","Spatial","REVIEW"
"USGS-404430111551001","One or more sites w/in 100 m","Spatial","REVIEW"
"USGS-404431111550501","One or more sites w/in 100 m","Spatial","REVIEW"
"USGS-404434111550701","One or more sites w/in 100 m","Spatial","REVIEW"
"USGS-404435111550601","One or more sites w/in 100 m","Spatial","REVIEW"
"USGS-404436111550601","One or more sites w/in 100 m","Spatial","REVIEW"
"USGS-404438111550501","One or more sites w/in 100 m","Spatial","REVIEW"
"USGS-404438111551301","One or more sites w/in 100 m","Spatial","REVIEW"
"USGS-404439111550701","One or more sites w/in 100 m","Spatial","REVIEW"
"USGS-404439111551101","One or more sites w/in 100 m","Spatial","REVIEW"
"USGS-404440111551601","One or more sites w/in 100 m","Spatial","REVIEW"
"USGS-404456111551301","One or more sites w/in 100 m","Spatial","REVIEW"
"USGS-404457111551001","One or more sites w/in 100 m","Spatial","REVIEW"
"USGS-404459111551001","One or more sites w/in 100 m","Spatial","REVIEW"
"USGS-404459111551601","One or more sites w/in 100 m","Spatial","REVIEW"
"USGS-404459111551801","One or more sites w/in 100 m","Spatial","REVIEW"
"USGS-404507111551701","One or more sites w/in 100 m","Spatial","REVIEW"
"USGS-404508111551801","One or more sites w/in 100 m","Spatial","REVIEW"
"USGS-404510111552001","One or more sites w/in 100 m","Spatial","REVIEW"
"USGS-404511111552301","One or more sites w/in 100 m","Spatial","REVIEW"
"11NPSWRD_WQX-BRCA_3P_4951855","One or more sites w/in 100 m","Spatial","REVIEW"
"USGS-405440111554101","One or more sites w/in 100 m","Spatial","REVIEW"
"USGS-413203112033301","One or more sites w/in 100 m","Spatial","REVIEW"
"USGS-413511112070701","One or more sites w/in 100 m","Spatial","REVIEW"
"USGS-413537112074301","One or more sites w/in 100 m","Spatial","REVIEW"
"11NPSWRD_WQX-BRCA_3P_4951857","One or more sites w/in 100 m","Spatial","REVIEW"
"USGS-413936112051101","One or more sites w/in 100 m","Spatial","REVIEW"
"USGS-413936112051201","One or more sites w/in 100 m","Spatial","REVIEW"
"USGS-414151112094201","One or more sites w/in 100 m","Spatial","REVIEW"
"USGS-414246112070101","One or more sites w/in 100 m","Spatial","REVIEW"
"NTHRNUTE-401016110181100","One or more sites w/in 100 m","Spatial","REVIEW"
"USGS-414430112083601","One or more sites w/in 100 m","Spatial","REVIEW"
"NTHRNUTE-402937110504601","One or more sites w/in 100 m","Spatial","REVIEW"
"USGS-415834112125801","One or more sites w/in 100 m","Spatial","REVIEW"
"NTHRNUTE-9261000","One or more sites w/in 100 m","Spatial","REVIEW"
"UTAHDWQ_WQX-4901170","One or more sites w/in 100 m","Spatial","REVIEW"
"NTHRNUTE-9272400","One or more sites w/in 100 m","Spatial","REVIEW"
"UTAHDWQ_WQX-4901460","One or more sites w/in 100 m","Spatial","REVIEW"
"UTAHDWQ_WQX-4901730","One or more sites w/in 100 m","Spatial","REVIEW"
"UTAHDWQ_WQX-4901980","One or more sites w/in 100 m","Spatial","REVIEW"
"UTAHDWQ_WQX-4902000","One or more sites w/in 100 m","Spatial","REVIEW"
"UTAHDWQ_WQX-4902700","One or more sites w/in 100 m","Spatial","REVIEW"
"UTAHDWQ_WQX-4902840","One or more sites w/in 100 m","Spatial","REVIEW"
"UTAHDWQ_WQX-4902900","One or more sites w/in 100 m","Spatial","REVIEW"
"UTAHDWQ_WQX-4902940","One or more sites w/in 100 m","Spatial","REVIEW"
"NTHRNUTE-9295100","One or more sites w/in 100 m","Spatial","REVIEW"
"NTHRNUTE-9302000","One or more sites w/in 100 m","Spatial","REVIEW"
"NTHRNUTE-9306500","One or more sites w/in 100 m","Spatial","REVIEW"
"UTAHDWQ_WQX-4905670","One or more sites w/in 100 m","Spatial","REVIEW"
"NTHRNUTE-ACR","One or more sites w/in 100 m","Spatial","REVIEW"
"UTAHDWQ_WQX-4908146","One or more sites w/in 100 m","Spatial","REVIEW"
"UTAHDWQ_WQX-4908148","One or more sites w/in 100 m","Spatial","REVIEW"
"NTHRNUTE-IDR","One or more sites w/in 100 m","Spatial","REVIEW"
"11NPSWRD_WQX-CANY_3P_4956290","One or more sites w/in 100 m","Spatial","REVIEW"
"NTHRNUTE-SSD","One or more sites w/in 100 m","Spatial","REVIEW"
"UTAHDWQ_WQX-4909851","One or more sites w/in 100 m","Spatial","REVIEW"
"UTAHDWQ_WQX-4920050","One or more sites w/in 100 m","Spatial","REVIEW"
"UTAHDWQ_WQX-4921103","One or more sites w/in 100 m","Spatial","REVIEW"
"UTAHDWQ_WQX-4922696","One or more sites w/in 100 m","Spatial","REVIEW"
"UTAHDWQ_WQX-4922697","One or more sites w/in 100 m","Spatial","REVIEW"
"UTAHDWQ_WQX-4922698","One or more sites w/in 100 m","Spatial","REVIEW"
"UTAHDWQ_WQX-4925150","One or more sites w/in 100 m","Spatial","REVIEW"
"OST_SHPD-NRSA1314-UTR9-0903","One or more sites w/in 100 m","Spatial","REVIEW"
"UTAHDWQ_WQX-4926050","One or more sites w/in 100 m","Spatial","REVIEW"
"UTAHDWQ_WQX-4926060","One or more sites w/in 100 m","Spatial","REVIEW"
"UTAHDWQ_WQX-4926070","One or more sites w/in 100 m","Spatial","REVIEW"
"UTAHDWQ_WQX-4926140","One or more sites w/in 100 m","Spatial","REVIEW"
"UTAHDWQ_WQX-4926350","One or more sites w/in 100 m","Spatial","REVIEW"
"UTAHDWQ_WQX-4931080","MLID type is lake/reservoir, but AU_Type is not - potential new AU needed","Spatial","REVIEW"
"UTAHDWQ_WQX-4931085","MLID type is lake/reservoir, but AU_Type is not - potential new AU needed","Spatial","REVIEW"
"UTAHDWQ_WQX-4935430","MLID type is lake/reservoir, but AU_Type is not - potential new AU needed","Spatial","REVIEW"
"UTAHDWQ_WQX-4936055","MLID type is lake/reservoir, but AU_Type is not - potential new AU needed","Spatial","REVIEW"
"UTAHDWQ_WQX-4936148","MLID type is lake/reservoir, but AU_Type is not - potential new AU needed","Spatial","REVIEW"
"UTAHDWQ_WQX-4937202","MLID type is lake/reservoir, but AU_Type is not - potential new AU needed","Spatial","REVIEW"
"UTAHDWQ_WQX-4937240","MLID type is lake/reservoir, but AU_Type is not - potential new AU needed","Spatial","REVIEW"
"UTAHDWQ_WQX-4937555","MLID type is lake/reservoir, but AU_Type is not - potential new AU needed","Spatial","REVIEW"
"UTAHDWQ_WQX-4937557","MLID type is lake/reservoir, but AU_Type is not - potential new AU needed","Spatial","REVIEW"
"UTAHDWQ_WQX-4942303","MLID type is lake/reservoir, but AU_Type is not - potential new AU needed","Spatial","REVIEW"
"UTAHDWQ_WQX-4942305","MLID type is lake/reservoir, but AU_Type is not - potential new AU needed","Spatial","REVIEW"
"UTAHDWQ_WQX-4942318","MLID type is lake/reservoir, but AU_Type is not - potential new AU needed","Spatial","REVIEW"
"UTAHDWQ_WQX-4954853","MLID type is lake/reservoir, but AU_Type is not - potential new AU needed","Spatial","REVIEW"
"UTAHDWQ_WQX-4954855","MLID type is lake/reservoir, but AU_Type is not - potential new AU needed","Spatial","REVIEW"
"UTAHDWQ_WQX-4954868","MLID type is lake/reservoir, but AU_Type is not - potential new AU needed","Spatial","REVIEW"
"UTAHDWQ_WQX-4990102","MLID type is lake/reservoir, but AU_Type is not - potential new AU needed","Spatial","REVIEW"
"UTAHDWQ_WQX-4990230","MLID type is lake/reservoir, but AU_Type is not - potential new AU needed","Spatial","REVIEW"
"UTAHDWQ_WQX-4990235","MLID type is lake/reservoir, but AU_Type is not - potential new AU needed","Spatial","REVIEW"
"UTAHDWQ_WQX-4990335","MLID type is lake/reservoir, but AU_Type is not - potential new AU needed","Spatial","REVIEW"
"UTAHDWQ_WQX-4990688","MLID type is lake/reservoir, but AU_Type is not - potential new AU needed","Spatial","REVIEW"
"11NPSWRD_WQX-TICA_3P_HCL","MLID type is lake/reservoir, but AU_Type is not - potential new AU needed","Spatial","REVIEW"
"UTAHDWQ_WQX-4994964","MLID type is lake/reservoir, but AU_Type is not - potential new AU needed","Spatial","REVIEW"
"UTAHDWQ_WQX-4994966","MLID type is lake/reservoir, but AU_Type is not - potential new AU needed","Spatial","REVIEW"
"UTAHDWQ_WQX-4995506","MLID type is lake/reservoir, but AU_Type is not - potential new AU needed","Spatial","REVIEW"
"11NPSWRD_WQX-TICA_3P_MCP","MLID type is lake/reservoir, but AU_Type is not - potential new AU needed","Spatial","REVIEW"
"11NPSWRD_WQX-TICA_3P_MCVA","MLID type is lake/reservoir, but AU_Type is not - potential new AU needed","Spatial","REVIEW"
"UTAHDWQ_WQX-5919812","MLID type is lake/reservoir, but AU_Type is not - potential new AU needed","Spatial","REVIEW"
"UTAHDWQ_WQX-5923330","MLID type is lake/reservoir, but AU_Type is not - potential new AU needed","Spatial","REVIEW"
"UTAHDWQ_WQX-5923340","MLID type is lake/reservoir, but AU_Type is not - potential new AU needed","Spatial","REVIEW"
"UTAHDWQ_WQX-5923345","MLID type is lake/reservoir, but AU_Type is not - potential new AU needed","Spatial","REVIEW"
"UTAHDWQ_WQX-5938061","MLID type is lake/reservoir, but AU_Type is not - potential new AU needed","Spatial","REVIEW"
"UTAHDWQ_WQX-5958011","MLID type is lake/reservoir, but AU_Type is not - potential new AU needed","Spatial","REVIEW"
"UTAHDWQ_WQX-5996640","MLID type is lake/reservoir, but AU_Type is not - potential new AU needed","Spatial","REVIEW"
"USGS-371507113462201","MLID type is lake/reservoir, but AU_Type is not - potential new AU needed","Spatial","REVIEW"
"NALMS-5826","MLID type is lake/reservoir, but AU_Type is not - potential new AU needed","Spatial","REVIEW"
"NALMS-5828","MLID type is lake/reservoir, but AU_Type is not - potential new AU needed","Spatial","REVIEW"
"NALMS-5836","MLID type is lake/reservoir, but AU_Type is not - potential new AU needed","Spatial","REVIEW"
"NALMS-5837","MLID type is lake/reservoir, but AU_Type is not - potential new AU needed","Spatial","REVIEW"
"NALMS-5841","MLID type is lake/reservoir, but AU_Type is not - potential new AU needed","Spatial","REVIEW"
"NALMS-7218","MLID type is lake/reservoir, but AU_Type is not - potential new AU needed","Spatial","REVIEW"
"USGS-405440111554101","MLID type is lake/reservoir, but AU_Type is not - potential new AU needed","Spatial","REVIEW"
"USGS-411202112112501","MLID type is lake/reservoir, but AU_Type is not - potential new AU needed","Spatial","REVIEW"
"UTAHDWQ_WQX-4907040","MLID type is lake/reservoir, but AU_Type is not - potential new AU needed","Spatial","REVIEW"
"UTAHDWQ_WQX-4907072","MLID type is lake/reservoir, but AU_Type is not - potential new AU needed","Spatial","REVIEW"
"UTAHDWQ_WQX-4907085","MLID type is lake/reservoir, but AU_Type is not - potential new AU needed","Spatial","REVIEW"
"NTHRNUTE-UBH","MLID type is lake/reservoir, but AU_Type is not - potential new AU needed","Spatial","REVIEW"
"UTAHDWQ_WQX-4924733","MLID type is lake/reservoir, but AU_Type is not - potential new AU needed","Spatial","REVIEW"
"UTAHDWQ_WQX-4924735","MLID type is lake/reservoir, but AU_Type is not - potential new AU needed","Spatial","REVIEW"
